-- Delete from all tables
DELETE FROM ACCESS_LOG;
DELETE FROM ACCESS_POINT;
DELETE FROM ACCESS_PERMISSION;
DELETE FROM ACCESS_CARD;
DELETE FROM BUILDING;
DELETE FROM ALERT;
DELETE FROM USERS;
DELETE FROM REQUEST;
DELETE FROM ACCESS_POINT_PREREQUISITES;


INSERT INTO users (id, username, password, email, role) VALUES (1111, 'employee1111', 'employee1111', 'employee1111@email', 'EMPLOYEE');
INSERT INTO users (id, username, password, email, role) VALUES (2222, 'employee2222', 'employee2222', 'employee2222@email', 'EMPLOYEE');
INSERT INTO users (id, username, password, email, role) VALUES (3333, 'employee3333', 'employee3333', 'employee3333@email', 'EMPLOYEE');
INSERT INTO users (id, username, password, email, role) VALUES (4444, 'employee4444', 'employee4444', 'employee4444@email', 'EMPLOYEE');
INSERT INTO users (id, username, password, email, role) VALUES (5555, 'admin5555', 'admin5555', 'admin5555@email', 'ADMIN');

INSERT INTO Building (id, name, BELONGS_TO, ZIPCODE, STREET_NAME, STREET_NUMBER) VALUES (1111, 'Building1111', 'AUEB', '12345', 'Street1', '1');
INSERT INTO Building (id, name, BELONGS_TO, ZIPCODE, STREET_NAME, STREET_NUMBER) VALUES (2222, 'Building2222', 'NTUA', '12345', 'Street2', '2');
INSERT INTO Building (id, name, BELONGS_TO, ZIPCODE, STREET_NAME, STREET_NUMBER) VALUES (3333, 'Building3333', 'HUA', '12345', 'Street3', '3');

INSERT INTO access_point (id, LOCATION, TYPE, ACCESS_LEVEL_REQUIRED, BUILDING_ID) VALUES ( 1111, 'Entrance', 'INPUT', '1', 1111);
INSERT INTO access_point (id, LOCATION, TYPE, ACCESS_LEVEL_REQUIRED, BUILDING_ID) VALUES ( 2222, 'Exit', 'OUTPUT', '1', 1111);
INSERT INTO access_point (id, LOCATION, TYPE, ACCESS_LEVEL_REQUIRED, BUILDING_ID) VALUES ( 3333, 'COMPUTER ROOM', 'IN_BETWEEN', '2', 1111);
INSERT INTO access_point (id, LOCATION, TYPE, ACCESS_LEVEL_REQUIRED, BUILDING_ID) VALUES ( 4444, 'KITCHEN', 'IN_BETWEEN', '2', 1111);
INSERT INTO access_point (id, LOCATION, TYPE, ACCESS_LEVEL_REQUIRED, BUILDING_ID) VALUES ( 5555, 'MANAGER OFFICE', 'IN_BETWEEN', '3', 1111);

INSERT INTO ACCESS_CARD (id, CARDTIMESTAMP, EMPLOYEEID) VALUES (1111, '2020-01-01 00:00:00', 1111);
INSERT INTO ACCESS_CARD (id, CARDTIMESTAMP, EMPLOYEEID) VALUES (2222, '2020-01-01 00:00:00', 2222);
INSERT INTO ACCESS_CARD (id, CARDTIMESTAMP, EMPLOYEEID) VALUES (3333, '2020-01-01 00:00:00', 3333);

INSERT INTO ACCESS_PERMISSION (id, ACCESS_LEVEL, ACCESS_CARD_ID, BUILDING_ID) VALUES (1111, '1', 1111, 1111);
INSERT INTO ACCESS_PERMISSION (id, ACCESS_LEVEL, ACCESS_CARD_ID, BUILDING_ID) VALUES (2222, '2', 2222, 2222);
INSERT INTO ACCESS_PERMISSION (id, ACCESS_LEVEL, ACCESS_CARD_ID, BUILDING_ID) VALUES (3333, '3', 3333, 3333);

INSERT INTO ACCESS_LOG (id, LOGTIMESTAMP, ACCESSSTATUS, ACCESSCARD_ID, ACCESSPOINT_ID) VALUES ( 1111, '2020-01-01 00:00:00', FALSE, 1111, 1111);
INSERT INTO ACCESS_LOG (id, LOGTIMESTAMP, ACCESSSTATUS, ACCESSCARD_ID, ACCESSPOINT_ID) VALUES ( 4444, '2020-01-02 00:00:00', TRUE, 1111, 1111);
INSERT INTO ACCESS_LOG (id, LOGTIMESTAMP, ACCESSSTATUS, ACCESSCARD_ID, ACCESSPOINT_ID) VALUES ( 2222, '2020-01-01 00:00:00', TRUE, 2222, 2222);
INSERT INTO ACCESS_LOG (id, LOGTIMESTAMP, ACCESSSTATUS, ACCESSCARD_ID, ACCESSPOINT_ID) VALUES ( 3333, '2020-01-01 00:00:00', FALSE, 3333, 3333);

INSERT INTO ALERT (id, ALERTTYPE, SEVERITY, ACCESSLOG_ID) VALUES (1111, 'Alert1', 1, 1111);
INSERT INTO ALERT (id, ALERTTYPE, SEVERITY, ACCESSLOG_ID) VALUES (1112, 'Alert1', 1, 1111);
INSERT INTO ALERT (id, ALERTTYPE, SEVERITY, ACCESSLOG_ID) VALUES (1113, 'Alert1', 1, 1111);
INSERT INTO ALERT (id, ALERTTYPE, SEVERITY, ACCESSLOG_ID) VALUES (2222, 'Alert2', 2, 2222);
INSERT INTO ALERT (id, ALERTTYPE, SEVERITY, ACCESSLOG_ID) VALUES (2223, 'Alert2', 2, 2222);
INSERT INTO ALERT (id, ALERTTYPE, SEVERITY, ACCESSLOG_ID) VALUES (3333, 'Alert3', 3, 3333);

INSERT INTO REQUEST (REQUEST_ID, USER_ID, TIMESTAMP, STATUS, LAST_MODIFIED_BY, REQUEST_TYPE, BUILDING_ID, REQUESTEDACCESSLEVEL) VALUES (1111, 4444, '2020-01-01 00:00:00', 'PENDING', 5555, 'ACCESS_REQUEST', 1111, 1);
INSERT INTO REQUEST (REQUEST_ID, USER_ID, TIMESTAMP, STATUS, LAST_MODIFIED_BY, REQUEST_TYPE, BUILDING_ID, REQUESTEDACCESSLEVEL) VALUES (2222, 1111, '2020-01-01 00:00:00', 'APPROVED', 5555, 'ACCESS_REQUEST', 1111, 2);

INSERT INTO ACCESS_POINT_PREREQUISITES(source_access_point_id, target_access_point_id) VALUES (4444, 3333);
INSERT INTO ACCESS_POINT_PREREQUISITES(source_access_point_id, target_access_point_id) VALUES (5555, 4444);